employee,Email,InvoiceId,CustomerId,InvoiceDate,BillingAddress,BillingCountry,BillingPostalCode,Total
Jane Peacock,jane@chinookcorp.com,98,1,2010-03-11 00:00:00,"Av. Brigadeiro Faria Lima, 2170",Brazil,12227-000,3.98
Jane Peacock,jane@chinookcorp.com,121,1,2010-06-13 00:00:00,"Av. Brigadeiro Faria Lima, 2170",Brazil,12227-000,3.96
Jane Peacock,jane@chinookcorp.com,143,1,2010-09-15 00:00:00,"Av. Brigadeiro Faria Lima, 2170",Brazil,12227-000,5.94
Jane Peacock,jane@chinookcorp.com,195,1,2011-05-06 00:00:00,"Av. Brigadeiro Faria Lima, 2170",Brazil,12227-000,0.99
Jane Peacock,jane@chinookcorp.com,316,1,2012-10-27 00:00:00,"Av. Brigadeiro Faria Lima, 2170",Brazil,12227-000,1.98
Jane Peacock,jane@chinookcorp.com,327,1,2012-12-07 00:00:00,"Av. Brigadeiro Faria Lima, 2170",Brazil,12227-000,13.86
Jane Peacock,jane@chinookcorp.com,382,1,2013-08-07 00:00:00,"Av. Brigadeiro Faria Lima, 2170",Brazil,12227-000,8.91
Jane Peacock,jane@chinookcorp.com,99,3,2010-03-11 00:00:00,1498 rue Bélanger,Canada,H2G 1A7,3.98
Jane Peacock,jane@chinookcorp.com,110,3,2010-04-21 00:00:00,1498 rue Bélanger,Canada,H2G 1A7,13.86
Jane Peacock,jane@chinookcorp.com,165,3,2010-12-20 00:00:00,1498 rue Bélanger,Canada,H2G 1A7,8.91
Jane Peacock,jane@chinookcorp.com,294,3,2012-07-26 00:00:00,1498 rue Bélanger,Canada,H2G 1A7,1.98
Jane Peacock,jane@chinookcorp.com,317,3,2012-10-28 00:00:00,1498 rue Bélanger,Canada,H2G 1A7,3.96
Jane Peacock,jane@chinookcorp.com,339,3,2013-01-30 00:00:00,1498 rue Bélanger,Canada,H2G 1A7,5.94
Jane Peacock,jane@chinookcorp.com,391,3,2013-09-20 00:00:00,1498 rue Bélanger,Canada,H2G 1A7,0.99
Jane Peacock,jane@chinookcorp.com,34,12,2009-05-23 00:00:00,"Praça Pio X, 119",Brazil,20040-020,0.99
Jane Peacock,jane@chinookcorp.com,155,12,2010-11-14 00:00:00,"Praça Pio X, 119",Brazil,20040-020,1.98
Jane Peacock,jane@chinookcorp.com,166,12,2010-12-25 00:00:00,"Praça Pio X, 119",Brazil,20040-020,13.86
Jane Peacock,jane@chinookcorp.com,221,12,2011-08-25 00:00:00,"Praça Pio X, 119",Brazil,20040-020,8.91
Jane Peacock,jane@chinookcorp.com,350,12,2013-03-31 00:00:00,"Praça Pio X, 119",Brazil,20040-020,1.98
Jane Peacock,jane@chinookcorp.com,373,12,2013-07-03 00:00:00,"Praça Pio X, 119",Brazil,20040-020,3.96
Jane Peacock,jane@chinookcorp.com,395,12,2013-10-05 00:00:00,"Praça Pio X, 119",Brazil,20040-020,5.94
Jane Peacock,jane@chinookcorp.com,36,15,2009-06-05 00:00:00,700 W Pender Street,Canada,V6C 1G8,1.98
Jane Peacock,jane@chinookcorp.com,47,15,2009-07-16 00:00:00,700 W Pender Street,Canada,V6C 1G8,13.86
Jane Peacock,jane@chinookcorp.com,102,15,2010-03-16 00:00:00,700 W Pender Street,Canada,V6C 1G8,9.91
Jane Peacock,jane@chinookcorp.com,231,15,2011-10-21 00:00:00,700 W Pender Street,Canada,V6C 1G8,1.98
Jane Peacock,jane@chinookcorp.com,254,15,2012-01-23 00:00:00,700 W Pender Street,Canada,V6C 1G8,3.96
Jane Peacock,jane@chinookcorp.com,276,15,2012-04-26 00:00:00,700 W Pender Street,Canada,V6C 1G8,5.94
Jane Peacock,jane@chinookcorp.com,328,15,2012-12-15 00:00:00,700 W Pender Street,Canada,V6C 1G8,0.99
Jane Peacock,jane@chinookcorp.com,112,18,2010-05-12 00:00:00,627 Broadway,USA,10012-2612,1.98
Jane Peacock,jane@chinookcorp.com,135,18,2010-08-14 00:00:00,627 Broadway,USA,10012-2612,3.96
Jane Peacock,jane@chinookcorp.com,157,18,2010-11-16 00:00:00,627 Broadway,USA,10012-2612,5.94
Jane Peacock,jane@chinookcorp.com,209,18,2011-07-07 00:00:00,627 Broadway,USA,10012-2612,0.99
Jane Peacock,jane@chinookcorp.com,330,18,2012-12-28 00:00:00,627 Broadway,USA,10012-2612,1.98
Jane Peacock,jane@chinookcorp.com,341,18,2013-02-07 00:00:00,627 Broadway,USA,10012-2612,13.86
Jane Peacock,jane@chinookcorp.com,396,18,2013-10-08 00:00:00,627 Broadway,USA,10012-2612,8.91
Jane Peacock,jane@chinookcorp.com,15,19,2009-03-04 00:00:00,1 Infinite Loop,USA,95014,1.98
Jane Peacock,jane@chinookcorp.com,26,19,2009-04-14 00:00:00,1 Infinite Loop,USA,95014,13.86
Jane Peacock,jane@chinookcorp.com,81,19,2009-12-13 00:00:00,1 Infinite Loop,USA,95014,8.91
Jane Peacock,jane@chinookcorp.com,210,19,2011-07-20 00:00:00,1 Infinite Loop,USA,95014,1.98
Jane Peacock,jane@chinookcorp.com,233,19,2011-10-22 00:00:00,1 Infinite Loop,USA,95014,3.96
Jane Peacock,jane@chinookcorp.com,255,19,2012-01-24 00:00:00,1 Infinite Loop,USA,95014,5.94
Jane Peacock,jane@chinookcorp.com,307,19,2012-09-13 00:00:00,1 Infinite Loop,USA,95014,1.99
Jane Peacock,jane@chinookcorp.com,92,24,2010-02-08 00:00:00,162 E Superior Street,USA,60611,1.98
Jane Peacock,jane@chinookcorp.com,103,24,2010-03-21 00:00:00,162 E Superior Street,USA,60611,15.86
Jane Peacock,jane@chinookcorp.com,158,24,2010-11-19 00:00:00,162 E Superior Street,USA,60611,8.91
Jane Peacock,jane@chinookcorp.com,287,24,2012-06-25 00:00:00,162 E Superior Street,USA,60611,1.98
Jane Peacock,jane@chinookcorp.com,310,24,2012-09-27 00:00:00,162 E Superior Street,USA,60611,7.96
Jane Peacock,jane@chinookcorp.com,332,24,2012-12-30 00:00:00,162 E Superior Street,USA,60611,5.94
Jane Peacock,jane@chinookcorp.com,384,24,2013-08-20 00:00:00,162 E Superior Street,USA,60611,0.99
Jane Peacock,jane@chinookcorp.com,48,29,2009-07-24 00:00:00,796 Dundas Street West,Canada,M6J 1V1,0.99
Jane Peacock,jane@chinookcorp.com,169,29,2011-01-15 00:00:00,796 Dundas Street West,Canada,M6J 1V1,1.98
Jane Peacock,jane@chinookcorp.com,180,29,2011-02-25 00:00:00,796 Dundas Street West,Canada,M6J 1V1,13.86
Jane Peacock,jane@chinookcorp.com,235,29,2011-10-26 00:00:00,796 Dundas Street West,Canada,M6J 1V1,8.91
Jane Peacock,jane@chinookcorp.com,364,29,2013-06-01 00:00:00,796 Dundas Street West,Canada,M6J 1V1,1.98
Jane Peacock,jane@chinookcorp.com,387,29,2013-09-03 00:00:00,796 Dundas Street West,Canada,M6J 1V1,3.96
Jane Peacock,jane@chinookcorp.com,409,29,2013-12-06 00:00:00,796 Dundas Street West,Canada,M6J 1V1,5.94
Jane Peacock,jane@chinookcorp.com,49,30,2009-08-06 00:00:00,230 Elgin Street,Canada,K2P 1L7,1.98
Jane Peacock,jane@chinookcorp.com,72,30,2009-11-08 00:00:00,230 Elgin Street,Canada,K2P 1L7,3.96
Jane Peacock,jane@chinookcorp.com,94,30,2010-02-10 00:00:00,230 Elgin Street,Canada,K2P 1L7,5.94
Jane Peacock,jane@chinookcorp.com,146,30,2010-10-01 00:00:00,230 Elgin Street,Canada,K2P 1L7,0.99
Jane Peacock,jane@chinookcorp.com,267,30,2012-03-24 00:00:00,230 Elgin Street,Canada,K2P 1L7,1.98
Jane Peacock,jane@chinookcorp.com,278,30,2012-05-04 00:00:00,230 Elgin Street,Canada,K2P 1L7,13.86
Jane Peacock,jane@chinookcorp.com,333,30,2013-01-02 00:00:00,230 Elgin Street,Canada,K2P 1L7,8.91
Jane Peacock,jane@chinookcorp.com,27,33,2009-04-22 00:00:00,5112 48 Street,Canada,X1A 1N6,0.99
Jane Peacock,jane@chinookcorp.com,148,33,2010-10-14 00:00:00,5112 48 Street,Canada,X1A 1N6,1.98
Jane Peacock,jane@chinookcorp.com,159,33,2010-11-24 00:00:00,5112 48 Street,Canada,X1A 1N6,13.86
Jane Peacock,jane@chinookcorp.com,214,33,2011-07-25 00:00:00,5112 48 Street,Canada,X1A 1N6,8.91
Jane Peacock,jane@chinookcorp.com,343,33,2013-02-28 00:00:00,5112 48 Street,Canada,X1A 1N6,1.98
Jane Peacock,jane@chinookcorp.com,366,33,2013-06-02 00:00:00,5112 48 Street,Canada,X1A 1N6,3.96
Jane Peacock,jane@chinookcorp.com,388,33,2013-09-04 00:00:00,5112 48 Street,Canada,X1A 1N6,5.94
Jane Peacock,jane@chinookcorp.com,6,37,2009-01-19 00:00:00,Berger Straße 10,Germany,60316,0.99
Jane Peacock,jane@chinookcorp.com,127,37,2010-07-13 00:00:00,Berger Straße 10,Germany,60316,1.98
Jane Peacock,jane@chinookcorp.com,138,37,2010-08-23 00:00:00,Berger Straße 10,Germany,60316,13.86
Jane Peacock,jane@chinookcorp.com,193,37,2011-04-23 00:00:00,Berger Straße 10,Germany,60316,14.91
Jane Peacock,jane@chinookcorp.com,322,37,2012-11-27 00:00:00,Berger Straße 10,Germany,60316,1.98
Jane Peacock,jane@chinookcorp.com,345,37,2013-03-01 00:00:00,Berger Straße 10,Germany,60316,3.96
Jane Peacock,jane@chinookcorp.com,367,37,2013-06-03 00:00:00,Berger Straße 10,Germany,60316,5.94
Jane Peacock,jane@chinookcorp.com,7,38,2009-02-01 00:00:00,Barbarossastraße 19,Germany,10779,1.98
Jane Peacock,jane@chinookcorp.com,30,38,2009-05-06 00:00:00,Barbarossastraße 19,Germany,10779,3.96
Jane Peacock,jane@chinookcorp.com,52,38,2009-08-08 00:00:00,Barbarossastraße 19,Germany,10779,5.94
Jane Peacock,jane@chinookcorp.com,104,38,2010-03-29 00:00:00,Barbarossastraße 19,Germany,10779,0.99
Jane Peacock,jane@chinookcorp.com,225,38,2011-09-20 00:00:00,Barbarossastraße 19,Germany,10779,1.98
Jane Peacock,jane@chinookcorp.com,236,38,2011-10-31 00:00:00,Barbarossastraße 19,Germany,10779,13.86
Jane Peacock,jane@chinookcorp.com,291,38,2012-06-30 00:00:00,Barbarossastraße 19,Germany,10779,8.91
Jane Peacock,jane@chinookcorp.com,9,42,2009-02-02 00:00:00,"9, Place Louis Barthou",France,33000,3.96
Jane Peacock,jane@chinookcorp.com,31,42,2009-05-07 00:00:00,"9, Place Louis Barthou",France,33000,5.94
Jane Peacock,jane@chinookcorp.com,83,42,2009-12-26 00:00:00,"9, Place Louis Barthou",France,33000,0.99
Jane Peacock,jane@chinookcorp.com,204,42,2011-06-19 00:00:00,"9, Place Louis Barthou",France,33000,3.98
Jane Peacock,jane@chinookcorp.com,215,42,2011-07-30 00:00:00,"9, Place Louis Barthou",France,33000,13.86
Jane Peacock,jane@chinookcorp.com,270,42,2012-03-29 00:00:00,"9, Place Louis Barthou",France,33000,8.91
Jane Peacock,jane@chinookcorp.com,399,42,2013-11-03 00:00:00,"9, Place Louis Barthou",France,33000,1.98
Jane Peacock,jane@chinookcorp.com,84,43,2010-01-08 00:00:00,"68, Rue Jouvence",France,21000,1.98
Jane Peacock,jane@chinookcorp.com,107,43,2010-04-12 00:00:00,"68, Rue Jouvence",France,21000,3.96
Jane Peacock,jane@chinookcorp.com,129,43,2010-07-15 00:00:00,"68, Rue Jouvence",France,21000,5.94
Jane Peacock,jane@chinookcorp.com,181,43,2011-03-05 00:00:00,"68, Rue Jouvence",France,21000,0.99
Jane Peacock,jane@chinookcorp.com,302,43,2012-08-26 00:00:00,"68, Rue Jouvence",France,21000,1.98
Jane Peacock,jane@chinookcorp.com,313,43,2012-10-06 00:00:00,"68, Rue Jouvence",France,21000,16.86
Jane Peacock,jane@chinookcorp.com,368,43,2013-06-06 00:00:00,"68, Rue Jouvence",France,21000,8.91
Jane Peacock,jane@chinookcorp.com,53,44,2009-08-11 00:00:00,Porthaninkatu 9,Finland,00530,8.91
Jane Peacock,jane@chinookcorp.com,182,44,2011-03-18 00:00:00,Porthaninkatu 9,Finland,00530,1.98
Jane Peacock,jane@chinookcorp.com,205,44,2011-06-20 00:00:00,Porthaninkatu 9,Finland,00530,7.96
Jane Peacock,jane@chinookcorp.com,227,44,2011-09-22 00:00:00,Porthaninkatu 9,Finland,00530,5.94
Jane Peacock,jane@chinookcorp.com,279,44,2012-05-12 00:00:00,Porthaninkatu 9,Finland,00530,0.99
Jane Peacock,jane@chinookcorp.com,400,44,2013-11-03 00:00:00,Porthaninkatu 9,Finland,00530,1.98
Jane Peacock,jane@chinookcorp.com,411,44,2013-12-14 00:00:00,Porthaninkatu 9,Finland,00530,13.86
Jane Peacock,jane@chinookcorp.com,85,45,2010-01-08 00:00:00,Erzsébet krt. 58.,Hungary,H-1073,1.98
Jane Peacock,jane@chinookcorp.com,96,45,2010-02-18 00:00:00,Erzsébet krt. 58.,Hungary,H-1073,21.86
Jane Peacock,jane@chinookcorp.com,151,45,2010-10-19 00:00:00,Erzsébet krt. 58.,Hungary,H-1073,8.91
Jane Peacock,jane@chinookcorp.com,280,45,2012-05-25 00:00:00,Erzsébet krt. 58.,Hungary,H-1073,1.98
Jane Peacock,jane@chinookcorp.com,303,45,2012-08-27 00:00:00,Erzsébet krt. 58.,Hungary,H-1073,3.96
Jane Peacock,jane@chinookcorp.com,325,45,2012-11-29 00:00:00,Erzsébet krt. 58.,Hungary,H-1073,5.94
Jane Peacock,jane@chinookcorp.com,377,45,2013-07-20 00:00:00,Erzsébet krt. 58.,Hungary,H-1073,0.99
Jane Peacock,jane@chinookcorp.com,10,46,2009-02-03 00:00:00,3 Chatham Street,Ireland,,5.94
Jane Peacock,jane@chinookcorp.com,62,46,2009-09-24 00:00:00,3 Chatham Street,Ireland,,0.99
Jane Peacock,jane@chinookcorp.com,183,46,2011-03-18 00:00:00,3 Chatham Street,Ireland,,1.98
Jane Peacock,jane@chinookcorp.com,194,46,2011-04-28 00:00:00,3 Chatham Street,Ireland,,21.86
Jane Peacock,jane@chinookcorp.com,249,46,2011-12-27 00:00:00,3 Chatham Street,Ireland,,8.91
Jane Peacock,jane@chinookcorp.com,378,46,2013-08-02 00:00:00,3 Chatham Street,Ireland,,1.98
Jane Peacock,jane@chinookcorp.com,401,46,2013-11-04 00:00:00,3 Chatham Street,Ireland,,3.96
Jane Peacock,jane@chinookcorp.com,11,52,2009-02-06 00:00:00,202 Hoxton Street,United Kingdom,N1 5LH,8.91
Jane Peacock,jane@chinookcorp.com,140,52,2010-09-13 00:00:00,202 Hoxton Street,United Kingdom,N1 5LH,1.98
Jane Peacock,jane@chinookcorp.com,163,52,2010-12-16 00:00:00,202 Hoxton Street,United Kingdom,N1 5LH,3.96
Jane Peacock,jane@chinookcorp.com,185,52,2011-03-20 00:00:00,202 Hoxton Street,United Kingdom,N1 5LH,5.94
Jane Peacock,jane@chinookcorp.com,237,52,2011-11-08 00:00:00,202 Hoxton Street,United Kingdom,N1 5LH,0.99
Jane Peacock,jane@chinookcorp.com,358,52,2013-05-01 00:00:00,202 Hoxton Street,United Kingdom,N1 5LH,1.98
Jane Peacock,jane@chinookcorp.com,369,52,2013-06-11 00:00:00,202 Hoxton Street,United Kingdom,N1 5LH,13.86
Jane Peacock,jane@chinookcorp.com,43,53,2009-07-06 00:00:00,113 Lupus St,United Kingdom,SW1V 3EN,1.98
Jane Peacock,jane@chinookcorp.com,54,53,2009-08-16 00:00:00,113 Lupus St,United Kingdom,SW1V 3EN,13.86
Jane Peacock,jane@chinookcorp.com,109,53,2010-04-16 00:00:00,113 Lupus St,United Kingdom,SW1V 3EN,8.91
Jane Peacock,jane@chinookcorp.com,238,53,2011-11-21 00:00:00,113 Lupus St,United Kingdom,SW1V 3EN,1.98
Jane Peacock,jane@chinookcorp.com,261,53,2012-02-23 00:00:00,113 Lupus St,United Kingdom,SW1V 3EN,3.96
Jane Peacock,jane@chinookcorp.com,283,53,2012-05-27 00:00:00,113 Lupus St,United Kingdom,SW1V 3EN,5.94
Jane Peacock,jane@chinookcorp.com,335,53,2013-01-15 00:00:00,113 Lupus St,United Kingdom,SW1V 3EN,0.99
Jane Peacock,jane@chinookcorp.com,120,58,2010-06-12 00:00:00,"12,Community Centre",India,110017,1.98
Jane Peacock,jane@chinookcorp.com,131,58,2010-07-23 00:00:00,"12,Community Centre",India,110017,13.86
Jane Peacock,jane@chinookcorp.com,186,58,2011-03-23 00:00:00,"12,Community Centre",India,110017,8.91
Jane Peacock,jane@chinookcorp.com,315,58,2012-10-27 00:00:00,"12,Community Centre",India,110017,1.98
Jane Peacock,jane@chinookcorp.com,338,58,2013-01-29 00:00:00,"12,Community Centre",India,110017,3.96
Jane Peacock,jane@chinookcorp.com,360,58,2013-05-03 00:00:00,"12,Community Centre",India,110017,5.94
Jane Peacock,jane@chinookcorp.com,412,58,2013-12-22 00:00:00,"12,Community Centre",India,110017,1.99
Jane Peacock,jane@chinookcorp.com,23,59,2009-04-05 00:00:00,"3,Raj Bhavan Road",India,560001,3.96
Jane Peacock,jane@chinookcorp.com,45,59,2009-07-08 00:00:00,"3,Raj Bhavan Road",India,560001,5.94
Jane Peacock,jane@chinookcorp.com,97,59,2010-02-26 00:00:00,"3,Raj Bhavan Road",India,560001,1.99
Jane Peacock,jane@chinookcorp.com,218,59,2011-08-20 00:00:00,"3,Raj Bhavan Road",India,560001,1.98
Jane Peacock,jane@chinookcorp.com,229,59,2011-09-30 00:00:00,"3,Raj Bhavan Road",India,560001,13.86
Jane Peacock,jane@chinookcorp.com,284,59,2012-05-30 00:00:00,"3,Raj Bhavan Road",India,560001,8.91
Margaret Park,margaret@chinookcorp.com,2,4,2009-01-02 00:00:00,Ullevålsveien 14,Norway,0171,3.96
Margaret Park,margaret@chinookcorp.com,24,4,2009-04-06 00:00:00,Ullevålsveien 14,Norway,0171,5.94
Margaret Park,margaret@chinookcorp.com,76,4,2009-11-25 00:00:00,Ullevålsveien 14,Norway,0171,0.99
Margaret Park,margaret@chinookcorp.com,197,4,2011-05-19 00:00:00,Ullevålsveien 14,Norway,0171,1.98
Margaret Park,margaret@chinookcorp.com,208,4,2011-06-29 00:00:00,Ullevålsveien 14,Norway,0171,15.86
Margaret Park,margaret@chinookcorp.com,263,4,2012-02-27 00:00:00,Ullevålsveien 14,Norway,0171,8.91
Margaret Park,margaret@chinookcorp.com,392,4,2013-10-03 00:00:00,Ullevålsveien 14,Norway,0171,1.98
Margaret Park,margaret@chinookcorp.com,77,5,2009-12-08 00:00:00,Klanova 9/506,Czech Republic,14700,1.98
Margaret Park,margaret@chinookcorp.com,100,5,2010-03-12 00:00:00,Klanova 9/506,Czech Republic,14700,3.96
Margaret Park,margaret@chinookcorp.com,122,5,2010-06-14 00:00:00,Klanova 9/506,Czech Republic,14700,5.94
Margaret Park,margaret@chinookcorp.com,174,5,2011-02-02 00:00:00,Klanova 9/506,Czech Republic,14700,0.99
Margaret Park,margaret@chinookcorp.com,295,5,2012-07-26 00:00:00,Klanova 9/506,Czech Republic,14700,1.98
Margaret Park,margaret@chinookcorp.com,306,5,2012-09-05 00:00:00,Klanova 9/506,Czech Republic,14700,16.86
Margaret Park,margaret@chinookcorp.com,361,5,2013-05-06 00:00:00,Klanova 9/506,Czech Republic,14700,8.91
Margaret Park,margaret@chinookcorp.com,3,8,2009-01-03 00:00:00,Grétrystraat 63,Belgium,1000,5.94
Margaret Park,margaret@chinookcorp.com,55,8,2009-08-24 00:00:00,Grétrystraat 63,Belgium,1000,0.99
Margaret Park,margaret@chinookcorp.com,176,8,2011-02-15 00:00:00,Grétrystraat 63,Belgium,1000,1.98
Margaret Park,margaret@chinookcorp.com,187,8,2011-03-28 00:00:00,Grétrystraat 63,Belgium,1000,13.86
Margaret Park,margaret@chinookcorp.com,242,8,2011-11-26 00:00:00,Grétrystraat 63,Belgium,1000,8.91
Margaret Park,margaret@chinookcorp.com,371,8,2013-07-02 00:00:00,Grétrystraat 63,Belgium,1000,1.98
Margaret Park,margaret@chinookcorp.com,394,8,2013-10-04 00:00:00,Grétrystraat 63,Belgium,1000,3.96
Margaret Park,margaret@chinookcorp.com,56,9,2009-09-06 00:00:00,Sønder Boulevard 51,Denmark,1720,1.98
Margaret Park,margaret@chinookcorp.com,79,9,2009-12-09 00:00:00,Sønder Boulevard 51,Denmark,1720,3.96
Margaret Park,margaret@chinookcorp.com,101,9,2010-03-13 00:00:00,Sønder Boulevard 51,Denmark,1720,5.94
Margaret Park,margaret@chinookcorp.com,153,9,2010-11-01 00:00:00,Sønder Boulevard 51,Denmark,1720,0.99
Margaret Park,margaret@chinookcorp.com,274,9,2012-04-24 00:00:00,Sønder Boulevard 51,Denmark,1720,1.98
Margaret Park,margaret@chinookcorp.com,285,9,2012-06-04 00:00:00,Sønder Boulevard 51,Denmark,1720,13.86
Margaret Park,margaret@chinookcorp.com,340,9,2013-02-02 00:00:00,Sønder Boulevard 51,Denmark,1720,8.91
Margaret Park,margaret@chinookcorp.com,25,10,2009-04-09 00:00:00,"Rua Dr. Falcão Filho, 155",Brazil,01007-010,8.91
Margaret Park,margaret@chinookcorp.com,154,10,2010-11-14 00:00:00,"Rua Dr. Falcão Filho, 155",Brazil,01007-010,1.98
Margaret Park,margaret@chinookcorp.com,177,10,2011-02-16 00:00:00,"Rua Dr. Falcão Filho, 155",Brazil,01007-010,3.96
Margaret Park,margaret@chinookcorp.com,199,10,2011-05-21 00:00:00,"Rua Dr. Falcão Filho, 155",Brazil,01007-010,5.94
Margaret Park,margaret@chinookcorp.com,251,10,2012-01-09 00:00:00,"Rua Dr. Falcão Filho, 155",Brazil,01007-010,0.99
Margaret Park,margaret@chinookcorp.com,372,10,2013-07-02 00:00:00,"Rua Dr. Falcão Filho, 155",Brazil,01007-010,1.98
Margaret Park,margaret@chinookcorp.com,383,10,2013-08-12 00:00:00,"Rua Dr. Falcão Filho, 155",Brazil,01007-010,13.86
Margaret Park,margaret@chinookcorp.com,35,13,2009-06-05 00:00:00,Qe 7 Bloco G,Brazil,71020-677,1.98
Margaret Park,margaret@chinookcorp.com,58,13,2009-09-07 00:00:00,Qe 7 Bloco G,Brazil,71020-677,3.96
Margaret Park,margaret@chinookcorp.com,80,13,2009-12-10 00:00:00,Qe 7 Bloco G,Brazil,71020-677,5.94
Margaret Park,margaret@chinookcorp.com,132,13,2010-07-31 00:00:00,Qe 7 Bloco G,Brazil,71020-677,0.99
Margaret Park,margaret@chinookcorp.com,253,13,2012-01-22 00:00:00,Qe 7 Bloco G,Brazil,71020-677,1.98
Margaret Park,margaret@chinookcorp.com,264,13,2012-03-03 00:00:00,Qe 7 Bloco G,Brazil,71020-677,13.86
Margaret Park,margaret@chinookcorp.com,319,13,2012-11-01 00:00:00,Qe 7 Bloco G,Brazil,71020-677,8.91
Margaret Park,margaret@chinookcorp.com,13,16,2009-02-19 00:00:00,1600 Amphitheatre Parkway,USA,94043-1351,0.99
Margaret Park,margaret@chinookcorp.com,134,16,2010-08-13 00:00:00,1600 Amphitheatre Parkway,USA,94043-1351,1.98
Margaret Park,margaret@chinookcorp.com,145,16,2010-09-23 00:00:00,1600 Amphitheatre Parkway,USA,94043-1351,13.86
Margaret Park,margaret@chinookcorp.com,200,16,2011-05-24 00:00:00,1600 Amphitheatre Parkway,USA,94043-1351,8.91
Margaret Park,margaret@chinookcorp.com,329,16,2012-12-28 00:00:00,1600 Amphitheatre Parkway,USA,94043-1351,1.98
Margaret Park,margaret@chinookcorp.com,352,16,2013-04-01 00:00:00,1600 Amphitheatre Parkway,USA,94043-1351,3.96
Margaret Park,margaret@chinookcorp.com,374,16,2013-07-04 00:00:00,1600 Amphitheatre Parkway,USA,94043-1351,5.94
Margaret Park,margaret@chinookcorp.com,113,20,2010-05-12 00:00:00,541 Del Medio Avenue,USA,94040-111,1.98
Margaret Park,margaret@chinookcorp.com,124,20,2010-06-22 00:00:00,541 Del Medio Avenue,USA,94040-111,13.86
Margaret Park,margaret@chinookcorp.com,179,20,2011-02-20 00:00:00,541 Del Medio Avenue,USA,94040-111,8.91
Margaret Park,margaret@chinookcorp.com,308,20,2012-09-26 00:00:00,541 Del Medio Avenue,USA,94040-111,3.98
Margaret Park,margaret@chinookcorp.com,331,20,2012-12-29 00:00:00,541 Del Medio Avenue,USA,94040-111,3.96
Margaret Park,margaret@chinookcorp.com,353,20,2013-04-02 00:00:00,541 Del Medio Avenue,USA,94040-111,5.94
Margaret Park,margaret@chinookcorp.com,405,20,2013-11-21 00:00:00,541 Del Medio Avenue,USA,94040-111,0.99
Margaret Park,margaret@chinookcorp.com,91,22,2010-02-08 00:00:00,120 S Orange Ave,USA,32801,1.98
Margaret Park,margaret@chinookcorp.com,114,22,2010-05-13 00:00:00,120 S Orange Ave,USA,32801,3.96
Margaret Park,margaret@chinookcorp.com,136,22,2010-08-15 00:00:00,120 S Orange Ave,USA,32801,5.94
Margaret Park,margaret@chinookcorp.com,188,22,2011-04-05 00:00:00,120 S Orange Ave,USA,32801,0.99
Margaret Park,margaret@chinookcorp.com,309,22,2012-09-26 00:00:00,120 S Orange Ave,USA,32801,3.98
Margaret Park,margaret@chinookcorp.com,320,22,2012-11-06 00:00:00,120 S Orange Ave,USA,32801,13.86
Margaret Park,margaret@chinookcorp.com,375,22,2013-07-07 00:00:00,120 S Orange Ave,USA,32801,8.91
Margaret Park,margaret@chinookcorp.com,5,23,2009-01-11 00:00:00,69 Salem Street,USA,2113,13.86
Margaret Park,margaret@chinookcorp.com,60,23,2009-09-11 00:00:00,69 Salem Street,USA,2113,8.91
Margaret Park,margaret@chinookcorp.com,189,23,2011-04-18 00:00:00,69 Salem Street,USA,2113,1.98
Margaret Park,margaret@chinookcorp.com,212,23,2011-07-21 00:00:00,69 Salem Street,USA,2113,3.96
Margaret Park,margaret@chinookcorp.com,234,23,2011-10-23 00:00:00,69 Salem Street,USA,2113,5.94
Margaret Park,margaret@chinookcorp.com,286,23,2012-06-12 00:00:00,69 Salem Street,USA,2113,0.99
Margaret Park,margaret@chinookcorp.com,407,23,2013-12-04 00:00:00,69 Salem Street,USA,2113,1.98
Margaret Park,margaret@chinookcorp.com,70,26,2009-11-07 00:00:00,2211 W Berry Street,USA,76110,1.98
Margaret Park,margaret@chinookcorp.com,93,26,2010-02-09 00:00:00,2211 W Berry Street,USA,76110,3.96
Margaret Park,margaret@chinookcorp.com,115,26,2010-05-14 00:00:00,2211 W Berry Street,USA,76110,5.94
Margaret Park,margaret@chinookcorp.com,167,26,2011-01-02 00:00:00,2211 W Berry Street,USA,76110,0.99
Margaret Park,margaret@chinookcorp.com,288,26,2012-06-25 00:00:00,2211 W Berry Street,USA,76110,1.98
Margaret Park,margaret@chinookcorp.com,299,26,2012-08-05 00:00:00,2211 W Berry Street,USA,76110,23.86
Margaret Park,margaret@chinookcorp.com,354,26,2013-04-05 00:00:00,2211 W Berry Street,USA,76110,8.91
Margaret Park,margaret@chinookcorp.com,39,27,2009-06-10 00:00:00,1033 N Park Ave,USA,85719,8.91
Margaret Park,margaret@chinookcorp.com,168,27,2011-01-15 00:00:00,1033 N Park Ave,USA,85719,1.98
Margaret Park,margaret@chinookcorp.com,191,27,2011-04-19 00:00:00,1033 N Park Ave,USA,85719,3.96
Margaret Park,margaret@chinookcorp.com,213,27,2011-07-22 00:00:00,1033 N Park Ave,USA,85719,5.94
Margaret Park,margaret@chinookcorp.com,265,27,2012-03-11 00:00:00,1033 N Park Ave,USA,85719,0.99
Margaret Park,margaret@chinookcorp.com,386,27,2013-09-02 00:00:00,1033 N Park Ave,USA,85719,1.98
Margaret Park,margaret@chinookcorp.com,397,27,2013-10-13 00:00:00,1033 N Park Ave,USA,85719,13.86
Margaret Park,margaret@chinookcorp.com,50,32,2009-08-06 00:00:00,696 Osborne Street,Canada,R3L 2B9,1.98
Margaret Park,margaret@chinookcorp.com,61,32,2009-09-16 00:00:00,696 Osborne Street,Canada,R3L 2B9,13.86
Margaret Park,margaret@chinookcorp.com,116,32,2010-05-17 00:00:00,696 Osborne Street,Canada,R3L 2B9,8.91
Margaret Park,margaret@chinookcorp.com,245,32,2011-12-22 00:00:00,696 Osborne Street,Canada,R3L 2B9,1.98
Margaret Park,margaret@chinookcorp.com,268,32,2012-03-25 00:00:00,696 Osborne Street,Canada,R3L 2B9,3.96
Margaret Park,margaret@chinookcorp.com,290,32,2012-06-27 00:00:00,696 Osborne Street,Canada,R3L 2B9,5.94
Margaret Park,margaret@chinookcorp.com,342,32,2013-02-15 00:00:00,696 Osborne Street,Canada,R3L 2B9,0.99
Margaret Park,margaret@chinookcorp.com,28,34,2009-05-05 00:00:00,Rua da Assunção 53,Portugal,,1.98
Margaret Park,margaret@chinookcorp.com,51,34,2009-08-07 00:00:00,Rua da Assunção 53,Portugal,,3.96
Margaret Park,margaret@chinookcorp.com,73,34,2009-11-09 00:00:00,Rua da Assunção 53,Portugal,,5.94
Margaret Park,margaret@chinookcorp.com,125,34,2010-06-30 00:00:00,Rua da Assunção 53,Portugal,,0.99
Margaret Park,margaret@chinookcorp.com,246,34,2011-12-22 00:00:00,Rua da Assunção 53,Portugal,,1.98
Margaret Park,margaret@chinookcorp.com,257,34,2012-02-01 00:00:00,Rua da Assunção 53,Portugal,,13.86
Margaret Park,margaret@chinookcorp.com,312,34,2012-10-01 00:00:00,Rua da Assunção 53,Portugal,,10.91
Margaret Park,margaret@chinookcorp.com,126,35,2010-07-13 00:00:00,"Rua dos Campeões Europeus de Viena, 4350",Portugal,,1.98
Margaret Park,margaret@chinookcorp.com,149,35,2010-10-15 00:00:00,"Rua dos Campeões Europeus de Viena, 4350",Portugal,,3.96
Margaret Park,margaret@chinookcorp.com,171,35,2011-01-17 00:00:00,"Rua dos Campeões Europeus de Viena, 4350",Portugal,,5.94
Margaret Park,margaret@chinookcorp.com,223,35,2011-09-07 00:00:00,"Rua dos Campeões Europeus de Viena, 4350",Portugal,,0.99
Margaret Park,margaret@chinookcorp.com,344,35,2013-02-28 00:00:00,"Rua dos Campeões Europeus de Viena, 4350",Portugal,,1.98
Margaret Park,margaret@chinookcorp.com,355,35,2013-04-10 00:00:00,"Rua dos Campeões Europeus de Viena, 4350",Portugal,,13.86
Margaret Park,margaret@chinookcorp.com,410,35,2013-12-09 00:00:00,"Rua dos Campeões Europeus de Viena, 4350",Portugal,,8.91
Margaret Park,margaret@chinookcorp.com,105,39,2010-04-11 00:00:00,"4, Rue Milton",France,75009,1.98
Margaret Park,margaret@chinookcorp.com,128,39,2010-07-14 00:00:00,"4, Rue Milton",France,75009,3.96
Margaret Park,margaret@chinookcorp.com,150,39,2010-10-16 00:00:00,"4, Rue Milton",France,75009,5.94
Margaret Park,margaret@chinookcorp.com,202,39,2011-06-06 00:00:00,"4, Rue Milton",France,75009,1.99
Margaret Park,margaret@chinookcorp.com,323,39,2012-11-27 00:00:00,"4, Rue Milton",France,75009,1.98
Margaret Park,margaret@chinookcorp.com,334,39,2013-01-07 00:00:00,"4, Rue Milton",France,75009,13.86
Margaret Park,margaret@chinookcorp.com,389,39,2013-09-07 00:00:00,"4, Rue Milton",France,75009,8.91
Margaret Park,margaret@chinookcorp.com,8,40,2009-02-01 00:00:00,"8, Rue Hanovre",France,75002,1.98
Margaret Park,margaret@chinookcorp.com,19,40,2009-03-14 00:00:00,"8, Rue Hanovre",France,75002,13.86
Margaret Park,margaret@chinookcorp.com,74,40,2009-11-12 00:00:00,"8, Rue Hanovre",France,75002,8.91
Margaret Park,margaret@chinookcorp.com,203,40,2011-06-19 00:00:00,"8, Rue Hanovre",France,75002,2.98
Margaret Park,margaret@chinookcorp.com,226,40,2011-09-21 00:00:00,"8, Rue Hanovre",France,75002,3.96
Margaret Park,margaret@chinookcorp.com,248,40,2011-12-24 00:00:00,"8, Rue Hanovre",France,75002,5.94
Margaret Park,margaret@chinookcorp.com,300,40,2012-08-13 00:00:00,"8, Rue Hanovre",France,75002,0.99
Margaret Park,margaret@chinookcorp.com,64,49,2009-10-07 00:00:00,Ordynacka 10,Poland,00-358,1.98
Margaret Park,margaret@chinookcorp.com,75,49,2009-11-17 00:00:00,Ordynacka 10,Poland,00-358,13.86
Margaret Park,margaret@chinookcorp.com,130,49,2010-07-18 00:00:00,Ordynacka 10,Poland,00-358,8.91
Margaret Park,margaret@chinookcorp.com,259,49,2012-02-22 00:00:00,Ordynacka 10,Poland,00-358,1.98
Margaret Park,margaret@chinookcorp.com,282,49,2012-05-26 00:00:00,Ordynacka 10,Poland,00-358,3.96
Margaret Park,margaret@chinookcorp.com,304,49,2012-08-28 00:00:00,Ordynacka 10,Poland,00-358,5.94
Margaret Park,margaret@chinookcorp.com,356,49,2013-04-18 00:00:00,Ordynacka 10,Poland,00-358,0.99
Margaret Park,margaret@chinookcorp.com,21,55,2009-04-04 00:00:00,421 Bourke Street,Australia,2010,1.98
Margaret Park,margaret@chinookcorp.com,44,55,2009-07-07 00:00:00,421 Bourke Street,Australia,2010,3.96
Margaret Park,margaret@chinookcorp.com,66,55,2009-10-09 00:00:00,421 Bourke Street,Australia,2010,5.94
Margaret Park,margaret@chinookcorp.com,118,55,2010-05-30 00:00:00,421 Bourke Street,Australia,2010,0.99
Margaret Park,margaret@chinookcorp.com,239,55,2011-11-21 00:00:00,421 Bourke Street,Australia,2010,1.98
Margaret Park,margaret@chinookcorp.com,250,55,2012-01-01 00:00:00,421 Bourke Street,Australia,2010,13.86
Margaret Park,margaret@chinookcorp.com,305,55,2012-08-31 00:00:00,421 Bourke Street,Australia,2010,8.91
Margaret Park,margaret@chinookcorp.com,119,56,2010-06-12 00:00:00,307 Macacha Güemes,Argentina,1106,1.98
Margaret Park,margaret@chinookcorp.com,142,56,2010-09-14 00:00:00,307 Macacha Güemes,Argentina,1106,3.96
Margaret Park,margaret@chinookcorp.com,164,56,2010-12-17 00:00:00,307 Macacha Güemes,Argentina,1106,5.94
Margaret Park,margaret@chinookcorp.com,216,56,2011-08-07 00:00:00,307 Macacha Güemes,Argentina,1106,0.99
Margaret Park,margaret@chinookcorp.com,337,56,2013-01-28 00:00:00,307 Macacha Güemes,Argentina,1106,1.98
Margaret Park,margaret@chinookcorp.com,348,56,2013-03-10 00:00:00,307 Macacha Güemes,Argentina,1106,13.86
Margaret Park,margaret@chinookcorp.com,403,56,2013-11-08 00:00:00,307 Macacha Güemes,Argentina,1106,8.91
Steve Johnson,steve@chinookcorp.com,1,2,2009-01-01 00:00:00,Theodor-Heuss-Straße 34,Germany,70174,1.98
Steve Johnson,steve@chinookcorp.com,12,2,2009-02-11 00:00:00,Theodor-Heuss-Straße 34,Germany,70174,13.86
Steve Johnson,steve@chinookcorp.com,67,2,2009-10-12 00:00:00,Theodor-Heuss-Straße 34,Germany,70174,8.91
Steve Johnson,steve@chinookcorp.com,196,2,2011-05-19 00:00:00,Theodor-Heuss-Straße 34,Germany,70174,1.98
Steve Johnson,steve@chinookcorp.com,219,2,2011-08-21 00:00:00,Theodor-Heuss-Straße 34,Germany,70174,3.96
Steve Johnson,steve@chinookcorp.com,241,2,2011-11-23 00:00:00,Theodor-Heuss-Straße 34,Germany,70174,5.94
Steve Johnson,steve@chinookcorp.com,293,2,2012-07-13 00:00:00,Theodor-Heuss-Straße 34,Germany,70174,0.99
Steve Johnson,steve@chinookcorp.com,46,6,2009-07-11 00:00:00,Rilská 3174/6,Czech Republic,14300,8.91
Steve Johnson,steve@chinookcorp.com,175,6,2011-02-15 00:00:00,Rilská 3174/6,Czech Republic,14300,1.98
Steve Johnson,steve@chinookcorp.com,198,6,2011-05-20 00:00:00,Rilská 3174/6,Czech Republic,14300,3.96
Steve Johnson,steve@chinookcorp.com,220,6,2011-08-22 00:00:00,Rilská 3174/6,Czech Republic,14300,5.94
Steve Johnson,steve@chinookcorp.com,272,6,2012-04-11 00:00:00,Rilská 3174/6,Czech Republic,14300,0.99
Steve Johnson,steve@chinookcorp.com,393,6,2013-10-03 00:00:00,Rilská 3174/6,Czech Republic,14300,1.98
Steve Johnson,steve@chinookcorp.com,404,6,2013-11-13 00:00:00,Rilská 3174/6,Czech Republic,14300,25.86
Steve Johnson,steve@chinookcorp.com,78,7,2009-12-08 00:00:00,"Rotenturmstraße 4, 1010 Innere Stadt",Austria,1010,1.98
Steve Johnson,steve@chinookcorp.com,89,7,2010-01-18 00:00:00,"Rotenturmstraße 4, 1010 Innere Stadt",Austria,1010,18.86
Steve Johnson,steve@chinookcorp.com,144,7,2010-09-18 00:00:00,"Rotenturmstraße 4, 1010 Innere Stadt",Austria,1010,8.91
Steve Johnson,steve@chinookcorp.com,273,7,2012-04-24 00:00:00,"Rotenturmstraße 4, 1010 Innere Stadt",Austria,1010,1.98
Steve Johnson,steve@chinookcorp.com,296,7,2012-07-27 00:00:00,"Rotenturmstraße 4, 1010 Innere Stadt",Austria,1010,3.96
Steve Johnson,steve@chinookcorp.com,318,7,2012-10-29 00:00:00,"Rotenturmstraße 4, 1010 Innere Stadt",Austria,1010,5.94
Steve Johnson,steve@chinookcorp.com,370,7,2013-06-19 00:00:00,"Rotenturmstraße 4, 1010 Innere Stadt",Austria,1010,0.99
Steve Johnson,steve@chinookcorp.com,57,11,2009-09-06 00:00:00,"Av. Paulista, 2022",Brazil,01310-200,1.98
Steve Johnson,steve@chinookcorp.com,68,11,2009-10-17 00:00:00,"Av. Paulista, 2022",Brazil,01310-200,13.86
Steve Johnson,steve@chinookcorp.com,123,11,2010-06-17 00:00:00,"Av. Paulista, 2022",Brazil,01310-200,8.91
Steve Johnson,steve@chinookcorp.com,252,11,2012-01-22 00:00:00,"Av. Paulista, 2022",Brazil,01310-200,1.98
Steve Johnson,steve@chinookcorp.com,275,11,2012-04-25 00:00:00,"Av. Paulista, 2022",Brazil,01310-200,3.96
Steve Johnson,steve@chinookcorp.com,297,11,2012-07-28 00:00:00,"Av. Paulista, 2022",Brazil,01310-200,5.94
Steve Johnson,steve@chinookcorp.com,349,11,2013-03-18 00:00:00,"Av. Paulista, 2022",Brazil,01310-200,0.99
Steve Johnson,steve@chinookcorp.com,4,14,2009-01-06 00:00:00,8210 111 ST NW,Canada,T6G 2C7,8.91
Steve Johnson,steve@chinookcorp.com,133,14,2010-08-13 00:00:00,8210 111 ST NW,Canada,T6G 2C7,1.98
Steve Johnson,steve@chinookcorp.com,156,14,2010-11-15 00:00:00,8210 111 ST NW,Canada,T6G 2C7,3.96
Steve Johnson,steve@chinookcorp.com,178,14,2011-02-17 00:00:00,8210 111 ST NW,Canada,T6G 2C7,5.94
Steve Johnson,steve@chinookcorp.com,230,14,2011-10-08 00:00:00,8210 111 ST NW,Canada,T6G 2C7,0.99
Steve Johnson,steve@chinookcorp.com,351,14,2013-03-31 00:00:00,8210 111 ST NW,Canada,T6G 2C7,1.98
Steve Johnson,steve@chinookcorp.com,362,14,2013-05-11 00:00:00,8210 111 ST NW,Canada,T6G 2C7,13.86
Steve Johnson,steve@chinookcorp.com,14,17,2009-03-04 00:00:00,1 Microsoft Way,USA,98052-8300,1.98
Steve Johnson,steve@chinookcorp.com,37,17,2009-06-06 00:00:00,1 Microsoft Way,USA,98052-8300,3.96
Steve Johnson,steve@chinookcorp.com,59,17,2009-09-08 00:00:00,1 Microsoft Way,USA,98052-8300,5.94
Steve Johnson,steve@chinookcorp.com,111,17,2010-04-29 00:00:00,1 Microsoft Way,USA,98052-8300,0.99
Steve Johnson,steve@chinookcorp.com,232,17,2011-10-21 00:00:00,1 Microsoft Way,USA,98052-8300,1.98
Steve Johnson,steve@chinookcorp.com,243,17,2011-12-01 00:00:00,1 Microsoft Way,USA,98052-8300,13.86
Steve Johnson,steve@chinookcorp.com,298,17,2012-07-31 00:00:00,1 Microsoft Way,USA,98052-8300,10.91
Steve Johnson,steve@chinookcorp.com,16,21,2009-03-05 00:00:00,801 W 4th Street,USA,89503,3.96
Steve Johnson,steve@chinookcorp.com,38,21,2009-06-07 00:00:00,801 W 4th Street,USA,89503,5.94
Steve Johnson,steve@chinookcorp.com,90,21,2010-01-26 00:00:00,801 W 4th Street,USA,89503,0.99
Steve Johnson,steve@chinookcorp.com,211,21,2011-07-20 00:00:00,801 W 4th Street,USA,89503,1.98
Steve Johnson,steve@chinookcorp.com,222,21,2011-08-30 00:00:00,801 W 4th Street,USA,89503,13.86
Steve Johnson,steve@chinookcorp.com,277,21,2012-04-29 00:00:00,801 W 4th Street,USA,89503,8.91
Steve Johnson,steve@chinookcorp.com,406,21,2013-12-04 00:00:00,801 W 4th Street,USA,89503,1.98
Steve Johnson,steve@chinookcorp.com,17,25,2009-03-06 00:00:00,319 N. Frances Street,USA,53703,5.94
Steve Johnson,steve@chinookcorp.com,69,25,2009-10-25 00:00:00,319 N. Frances Street,USA,53703,0.99
Steve Johnson,steve@chinookcorp.com,190,25,2011-04-18 00:00:00,319 N. Frances Street,USA,53703,1.98
Steve Johnson,steve@chinookcorp.com,201,25,2011-05-29 00:00:00,319 N. Frances Street,USA,53703,18.86
Steve Johnson,steve@chinookcorp.com,256,25,2012-01-27 00:00:00,319 N. Frances Street,USA,53703,8.91
Steve Johnson,steve@chinookcorp.com,385,25,2013-09-02 00:00:00,319 N. Frances Street,USA,53703,1.98
Steve Johnson,steve@chinookcorp.com,408,25,2013-12-05 00:00:00,319 N. Frances Street,USA,53703,3.96
Steve Johnson,steve@chinookcorp.com,71,28,2009-11-07 00:00:00,302 S 700 E,USA,84102,1.98
Steve Johnson,steve@chinookcorp.com,82,28,2009-12-18 00:00:00,302 S 700 E,USA,84102,13.86
Steve Johnson,steve@chinookcorp.com,137,28,2010-08-18 00:00:00,302 S 700 E,USA,84102,8.91
Steve Johnson,steve@chinookcorp.com,266,28,2012-03-24 00:00:00,302 S 700 E,USA,84102,1.98
Steve Johnson,steve@chinookcorp.com,289,28,2012-06-26 00:00:00,302 S 700 E,USA,84102,3.96
Steve Johnson,steve@chinookcorp.com,311,28,2012-09-28 00:00:00,302 S 700 E,USA,84102,11.94
Steve Johnson,steve@chinookcorp.com,363,28,2013-05-19 00:00:00,302 S 700 E,USA,84102,0.99
Steve Johnson,steve@chinookcorp.com,18,31,2009-03-09 00:00:00,194A Chain Lake Drive,Canada,B3S 1C5,8.91
Steve Johnson,steve@chinookcorp.com,147,31,2010-10-14 00:00:00,194A Chain Lake Drive,Canada,B3S 1C5,1.98
Steve Johnson,steve@chinookcorp.com,170,31,2011-01-16 00:00:00,194A Chain Lake Drive,Canada,B3S 1C5,3.96
Steve Johnson,steve@chinookcorp.com,192,31,2011-04-20 00:00:00,194A Chain Lake Drive,Canada,B3S 1C5,5.94
Steve Johnson,steve@chinookcorp.com,244,31,2011-12-09 00:00:00,194A Chain Lake Drive,Canada,B3S 1C5,0.99
Steve Johnson,steve@chinookcorp.com,365,31,2013-06-01 00:00:00,194A Chain Lake Drive,Canada,B3S 1C5,1.98
Steve Johnson,steve@chinookcorp.com,376,31,2013-07-12 00:00:00,194A Chain Lake Drive,Canada,B3S 1C5,13.86
Steve Johnson,steve@chinookcorp.com,29,36,2009-05-05 00:00:00,Tauentzienstraße 8,Germany,10789,1.98
Steve Johnson,steve@chinookcorp.com,40,36,2009-06-15 00:00:00,Tauentzienstraße 8,Germany,10789,13.86
Steve Johnson,steve@chinookcorp.com,95,36,2010-02-13 00:00:00,Tauentzienstraße 8,Germany,10789,8.91
Steve Johnson,steve@chinookcorp.com,224,36,2011-09-20 00:00:00,Tauentzienstraße 8,Germany,10789,1.98
Steve Johnson,steve@chinookcorp.com,247,36,2011-12-23 00:00:00,Tauentzienstraße 8,Germany,10789,3.96
Steve Johnson,steve@chinookcorp.com,269,36,2012-03-26 00:00:00,Tauentzienstraße 8,Germany,10789,5.94
Steve Johnson,steve@chinookcorp.com,321,36,2012-11-14 00:00:00,Tauentzienstraße 8,Germany,10789,0.99
Steve Johnson,steve@chinookcorp.com,106,41,2010-04-11 00:00:00,"11, Place Bellecour",France,69002,1.98
Steve Johnson,steve@chinookcorp.com,117,41,2010-05-22 00:00:00,"11, Place Bellecour",France,69002,13.86
Steve Johnson,steve@chinookcorp.com,172,41,2011-01-20 00:00:00,"11, Place Bellecour",France,69002,8.91
Steve Johnson,steve@chinookcorp.com,301,41,2012-08-26 00:00:00,"11, Place Bellecour",France,69002,1.98
Steve Johnson,steve@chinookcorp.com,324,41,2012-11-28 00:00:00,"11, Place Bellecour",France,69002,3.96
Steve Johnson,steve@chinookcorp.com,346,41,2013-03-02 00:00:00,"11, Place Bellecour",France,69002,5.94
Steve Johnson,steve@chinookcorp.com,398,41,2013-10-21 00:00:00,"11, Place Bellecour",France,69002,0.99
Steve Johnson,steve@chinookcorp.com,63,47,2009-10-07 00:00:00,"Via Degli Scipioni, 43",Italy,00192,1.98
Steve Johnson,steve@chinookcorp.com,86,47,2010-01-09 00:00:00,"Via Degli Scipioni, 43",Italy,00192,3.96
Steve Johnson,steve@chinookcorp.com,108,47,2010-04-13 00:00:00,"Via Degli Scipioni, 43",Italy,00192,5.94
Steve Johnson,steve@chinookcorp.com,160,47,2010-12-02 00:00:00,"Via Degli Scipioni, 43",Italy,00192,0.99
Steve Johnson,steve@chinookcorp.com,281,47,2012-05-25 00:00:00,"Via Degli Scipioni, 43",Italy,00192,1.98
Steve Johnson,steve@chinookcorp.com,292,47,2012-07-05 00:00:00,"Via Degli Scipioni, 43",Italy,00192,13.86
Steve Johnson,steve@chinookcorp.com,347,47,2013-03-05 00:00:00,"Via Degli Scipioni, 43",Italy,00192,8.91
Steve Johnson,steve@chinookcorp.com,32,48,2009-05-10 00:00:00,Lijnbaansgracht 120bg,Netherlands,1016,8.91
Steve Johnson,steve@chinookcorp.com,161,48,2010-12-15 00:00:00,Lijnbaansgracht 120bg,Netherlands,1016,1.98
Steve Johnson,steve@chinookcorp.com,184,48,2011-03-19 00:00:00,Lijnbaansgracht 120bg,Netherlands,1016,3.96
Steve Johnson,steve@chinookcorp.com,206,48,2011-06-21 00:00:00,Lijnbaansgracht 120bg,Netherlands,1016,8.94
Steve Johnson,steve@chinookcorp.com,258,48,2012-02-09 00:00:00,Lijnbaansgracht 120bg,Netherlands,1016,0.99
Steve Johnson,steve@chinookcorp.com,379,48,2013-08-02 00:00:00,Lijnbaansgracht 120bg,Netherlands,1016,1.98
Steve Johnson,steve@chinookcorp.com,390,48,2013-09-12 00:00:00,Lijnbaansgracht 120bg,Netherlands,1016,13.86
Steve Johnson,steve@chinookcorp.com,41,50,2009-06-23 00:00:00,C/ San Bernardo 85,Spain,28015,0.99
Steve Johnson,steve@chinookcorp.com,162,50,2010-12-15 00:00:00,C/ San Bernardo 85,Spain,28015,1.98
Steve Johnson,steve@chinookcorp.com,173,50,2011-01-25 00:00:00,C/ San Bernardo 85,Spain,28015,13.86
Steve Johnson,steve@chinookcorp.com,228,50,2011-09-25 00:00:00,C/ San Bernardo 85,Spain,28015,8.91
Steve Johnson,steve@chinookcorp.com,357,50,2013-05-01 00:00:00,C/ San Bernardo 85,Spain,28015,1.98
Steve Johnson,steve@chinookcorp.com,380,50,2013-08-03 00:00:00,C/ San Bernardo 85,Spain,28015,3.96
Steve Johnson,steve@chinookcorp.com,402,50,2013-11-05 00:00:00,C/ San Bernardo 85,Spain,28015,5.94
Steve Johnson,steve@chinookcorp.com,42,51,2009-07-06 00:00:00,Celsiusg. 9,Sweden,11230,1.98
Steve Johnson,steve@chinookcorp.com,65,51,2009-10-08 00:00:00,Celsiusg. 9,Sweden,11230,3.96
Steve Johnson,steve@chinookcorp.com,87,51,2010-01-10 00:00:00,Celsiusg. 9,Sweden,11230,6.94
Steve Johnson,steve@chinookcorp.com,139,51,2010-08-31 00:00:00,Celsiusg. 9,Sweden,11230,0.99
Steve Johnson,steve@chinookcorp.com,260,51,2012-02-22 00:00:00,Celsiusg. 9,Sweden,11230,1.98
Steve Johnson,steve@chinookcorp.com,271,51,2012-04-03 00:00:00,Celsiusg. 9,Sweden,11230,13.86
Steve Johnson,steve@chinookcorp.com,326,51,2012-12-02 00:00:00,Celsiusg. 9,Sweden,11230,8.91
Steve Johnson,steve@chinookcorp.com,20,54,2009-03-22 00:00:00,110 Raeburn Pl,United Kingdom,EH4 1HH,0.99
Steve Johnson,steve@chinookcorp.com,141,54,2010-09-13 00:00:00,110 Raeburn Pl,United Kingdom,EH4 1HH,1.98
Steve Johnson,steve@chinookcorp.com,152,54,2010-10-24 00:00:00,110 Raeburn Pl,United Kingdom,EH4 1HH,13.86
Steve Johnson,steve@chinookcorp.com,207,54,2011-06-24 00:00:00,110 Raeburn Pl,United Kingdom,EH4 1HH,8.91
Steve Johnson,steve@chinookcorp.com,336,54,2013-01-28 00:00:00,110 Raeburn Pl,United Kingdom,EH4 1HH,1.98
Steve Johnson,steve@chinookcorp.com,359,54,2013-05-02 00:00:00,110 Raeburn Pl,United Kingdom,EH4 1HH,3.96
Steve Johnson,steve@chinookcorp.com,381,54,2013-08-04 00:00:00,110 Raeburn Pl,United Kingdom,EH4 1HH,5.94
Steve Johnson,steve@chinookcorp.com,22,57,2009-04-04 00:00:00,"Calle Lira, 198",Chile,,1.98
Steve Johnson,steve@chinookcorp.com,33,57,2009-05-15 00:00:00,"Calle Lira, 198",Chile,,13.86
Steve Johnson,steve@chinookcorp.com,88,57,2010-01-13 00:00:00,"Calle Lira, 198",Chile,,17.91
Steve Johnson,steve@chinookcorp.com,217,57,2011-08-20 00:00:00,"Calle Lira, 198",Chile,,1.98
Steve Johnson,steve@chinookcorp.com,240,57,2011-11-22 00:00:00,"Calle Lira, 198",Chile,,3.96
Steve Johnson,steve@chinookcorp.com,262,57,2012-02-24 00:00:00,"Calle Lira, 198",Chile,,5.94
Steve Johnson,steve@chinookcorp.com,314,57,2012-10-14 00:00:00,"Calle Lira, 198",Chile,,0.99
